Pins,Market Value,Year,Access Value,IsActive,Error
01-24-01-300-001-0000,0,2022,SA/E,True,NIL
01-24-01-300-002-0004,NIL,NIL,NIL,False,Inactive Parcel
01-24-02-100-001-0000,"443,036",2022,SA/E,True,NIL
01-24-02-300-003-0000,"7,348",2022,SA/E,True,NIL
01-24-02-300-004-0000,0,2022,SA/E,True,NIL
01-24-02-300-005-0000,0,2022,SA/E,True,NIL
01-24-02-300-006-0004,NIL,NIL,NIL,False,Inactive Parcel
01-24-03-100-003-0000,"5,842",2022,SA/E,True,NIL
01-24-03-100-004-0000,"185,728",2022,SA/E,True,NIL
01-24-03-100-005-0000,"85,347",2022,SA/E,True,NIL
01-24-03-100-006-0000,"50,462",2022,SA/E,True,NIL
01-24-03-100-007-0000,"134,011",2022,SA/E,True,NIL
01-24-03-100-008-0000,"23,279",2022,SA/E,True,NIL
01-24-03-100-009-0000,"3,792",2022,SA/E,True,NIL
01-24-03-100-010-0000,"123,339",2022,SA/E,True,NIL
01-24-03-100-016-0000,"60,936",2022,SA/E,True,NIL
01-24-03-100-018-0000,NIL,NIL,NIL,False,Inactive Parcel
01-24-03-100-019-0000,"104,935",2022,SA/E,True,NIL
01-24-03-100-020-0000,"191,485",2022,SA/E,True,NIL
01-24-03-100-021-0010,"36,619",2022,SA/E,True,NIL
01-24-03-100-021-0020,987,2022,SA/E,True,NIL
01-24-03-101-001-0000,6,2022,SA/E,True,NIL
01-24-03-101-002-0000,"290,153",2022,SA/E,True,NIL
01-24-03-101-003-0000,"53,378",2022,SA/E,True,NIL
01-24-03-101-004-0000,"257,654",2022,SA/E,True,NIL
01-24-03-101-005-0000,"230,129",2022,SA/E,True,NIL
01-24-03-101-006-0000,"274,920",2022,SA/E,True,NIL
01-24-03-101-007-0000,"237,456",2022,SA/E,True,NIL
01-24-03-101-008-0000,"339,379",2022,SA/E,True,NIL
01-24-03-101-009-0000,"325,104",2022,SA/E,True,NIL
01-24-03-101-011-0000,"327,309",2022,SA/E,True,NIL
01-24-03-101-012-0000,"253,870",2022,SA/E,True,NIL
01-24-03-101-013-0000,"242,736",2022,SA/E,True,NIL
01-24-03-101-014-0000,"319,184",2022,SA/E,True,NIL
01-24-03-101-015-0000,"329,253",2022,SA/E,True,NIL
01-24-03-101-016-0000,"358,695",2022,SA/E,True,NIL
01-24-03-101-017-0000,"273,123",2022,SA/E,True,NIL
01-24-03-101-018-0000,"53,378",2022,SA/E,True,NIL
01-24-03-101-020-0000,"334,068",2022,SA/E,True,NIL
01-24-03-101-021-0000,3,2022,SA/E,True,NIL
01-24-03-101-022-0000,"71,521",2022,SA/E,True,NIL
01-24-03-101-023-0000,"71,521",2022,SA/E,True,NIL
01-24-03-101-024-0000,"271,998",2022,SA/E,True,NIL
01-24-03-101-025-0000,"216,892",2022,SA/E,True,NIL
01-24-03-101-026-0000,"49,886",2022,SA/E,True,NIL
01-24-03-101-027-0000,"53,378",2022,SA/E,True,NIL
01-24-03-101-028-0000,"53,378",2022,SA/E,True,NIL
01-24-03-101-029-0000,"387,903",2022,SA/E,True,NIL
01-24-03-101-030-0000,"257,102",2022,SA/E,True,NIL
01-24-03-101-031-0000,"262,028",2022,SA/E,True,NIL
01-24-03-101-032-0000,"53,378",2022,SA/E,True,NIL
01-24-03-200-002-0000,"224,500",2022,SA/E,True,NIL
01-24-03-300-002-0000,"233,507",2022,SA/E,True,NIL
01-24-03-300-003-0000,"632,931",2022,SA/E,True,NIL
01-24-03-300-005-0000,3,2022,SA/E,True,NIL
01-24-03-400-001-0000,"362,448",2022,SA/E,True,NIL
01-24-03-400-002-0000,"78,644",2022,SA/E,True,NIL
01-24-03-400-003-0000,"157,300",2022,SA/E,True,NIL
01-24-03-400-004-0000,"172,307",2022,SA/E,True,NIL
01-24-10-100-001-0000,"234,065",2022,SA/E,True,NIL
01-24-10-100-002-0000,"234,065",2022,SA/E,True,NIL
01-24-10-200-001-0000,"153,897",2022,SA/E,True,NIL
01-24-10-200-002-0000,"211,509",2022,SA/E,True,NIL
01-24-10-300-001-0000,"232,016",2022,SA/E,True,NIL
01-24-10-300-002-0000,"68,212",2022,SA/E,True,NIL
01-24-10-300-004-0000,"141,797",2022,SA/E,True,NIL
01-24-10-300-006-0000,0,2022,SA/E,True,NIL
01-24-10-300-007-0000,"70,549",2022,SA/E,True,NIL
01-24-10-300-008-0000,"283,306",2022,SA/E,True,NIL
01-24-10-300-010-0000,"137,843",2022,SA/E,True,NIL
01-24-10-300-011-0000,"200,255",2022,SA/E,True,NIL
01-24-10-300-012-0000,"215,266",2022,SA/E,True,NIL
01-24-10-300-013-0000,"227,795",2022,SA/E,True,NIL
01-24-10-300-014-0000,"284,728",2022,SA/E,True,NIL
01-24-10-400-001-0000,0,2022,SA/E,True,NIL
01-24-10-400-002-0004,"11,326",2022,SA/E,True,NIL
01-24-11-100-004-0000,"10,969",2022,SA/E,True,NIL
01-24-11-100-006-0000,"16,502",2022,SA/E,True,NIL
01-24-11-100-008-0000,0,2022,SA/E,True,NIL
01-24-11-200-001-0000,0,2022,SA/E,True,NIL
01-24-11-200-002-0000,"108,887",2022,SA/E,True,NIL
01-24-11-200-003-0000,"183,651",2022,SA/E,True,NIL
01-24-11-200-004-0000,"150,354",2022,SA/E,True,NIL
01-24-11-200-005-0000,"287,966",2022,SA/E,True,NIL
01-24-11-200-006-0000,"303,501",2022,SA/E,True,NIL
01-24-11-200-007-0000,0,2022,SA/E,True,NIL
01-24-11-200-008-0000,0,2022,SA/E,True,NIL
01-24-11-200-010-0004,3,2022,SA/E,True,NIL
01-24-11-200-011-0004,3,2022,SA/E,True,NIL
01-24-11-300-005-0000,"4,971",2022,SA/E,True,NIL
01-24-11-300-006-0000,"201,752",2022,SA/E,True,NIL
01-24-11-300-007-0000,0,2022,SA/E,True,NIL
01-24-11-300-008-0000,0,2022,SA/E,True,NIL
01-24-11-300-009-0000,0,2022,SA/E,True,NIL
01-24-11-300-010-0000,0,2022,SA/E,True,NIL
01-24-11-300-011-0000,0,2022,SA/E,True,NIL
01-24-11-300-012-0000,"31,194",2022,SA/E,True,NIL
01-24-11-300-013-0000,"6,328",2022,SA/E,True,NIL
01-24-11-300-014-0000,"634,065",2022,SA/E,True,NIL
01-24-11-300-016-0004,NIL,NIL,NIL,False,Inactive Parcel
01-24-11-300-017-0004,"1,989",2022,SA/E,True,NIL
01-24-11-300-018-0004,"2,106",2022,SA/E,True,NIL
01-24-11-300-019-0004,"2,106",2022,SA/E,True,NIL
01-24-11-300-020-0004,117,2022,SA/E,True,NIL
01-24-11-400-003-0000,"132,451",2022,SA/E,True,NIL
01-24-11-400-006-0000,"215,161",2022,SA/E,True,NIL
01-24-11-400-008-0000,"20,372",2022,SA/E,True,NIL
01-24-11-400-009-0000,"239,721",2022,SA/E,True,NIL
01-24-11-400-011-0000,"24,917",2022,SA/E,True,NIL
01-24-11-400-012-0000,"8,617",2022,SA/E,True,NIL
01-24-11-400-013-0000,"344,404",2022,SA/E,True,NIL
01-24-11-400-014-0000,"278,605",2022,SA/E,True,NIL
01-24-11-400-016-0000,"285,236",2022,SA/E,True,NIL
01-24-11-400-017-0000,0,2022,SA/E,True,NIL
01-24-11-400-018-0000,"46,109",2022,SA/E,True,NIL
01-24-11-400-019-0004,"2,511",2022,SA/E,True,NIL
01-24-12-100-001-0000,0,2022,SA/E,True,NIL
01-24-12-100-002-0000,0,2022,SA/E,True,NIL
01-24-12-100-003-0000,0,2022,SA/E,True,NIL
01-24-12-100-004-0000,0,2022,SA/E,True,NIL
01-24-12-100-005-0000,0,2022,SA/E,True,NIL
01-24-12-100-006-0000,0,2022,SA/E,True,NIL
01-24-12-100-007-0000,"261,383",2022,SA/E,True,NIL
01-24-12-100-008-0000,"181,746",2022,SA/E,True,NIL
01-24-12-100-009-0000,"179,787",2022,SA/E,True,NIL
01-24-12-100-010-0000,"94,761",2022,SA/E,True,NIL
01-24-12-100-011-0000,NIL,NIL,NIL,False,Inactive Parcel
01-24-12-100-012-0000,NIL,NIL,NIL,False,Inactive Parcel
01-24-12-100-013-0000,"219,259",2022,SA/E,True,NIL
01-24-12-100-014-0000,"305,155",2022,SA/E,True,NIL
01-24-12-100-017-0000,"239,619",2022,SA/E,True,NIL
01-24-12-100-020-0000,"264,785",2022,SA/E,True,NIL
01-24-12-100-021-0000,"190,759",2022,SA/E,True,NIL
01-24-12-100-022-0000,"382,388",2022,SA/E,True,NIL
01-24-12-100-023-0000,"340,486",2022,SA/E,True,NIL
01-24-12-100-024-0000,"345,992",2022,SA/E,True,NIL
01-24-12-100-025-0000,"263,624",2022,SA/E,True,NIL
01-24-12-100-031-0000,471,2022,SA/E,True,NIL
01-24-12-100-032-0000,"230,321",2022,SA/E,True,NIL
01-24-12-100-033-0000,3,2022,SA/E,True,NIL
01-24-12-100-034-0000,"190,300",2022,SA/E,True,NIL
01-24-12-100-035-0000,"225,674",2022,SA/E,True,NIL
01-24-12-100-037-0000,"249,574",2022,SA/E,True,NIL
01-24-12-100-039-0000,"330,765",2022,SA/E,True,NIL
01-24-12-100-040-0000,"214,758",2022,SA/E,True,NIL
01-24-12-100-041-0004,NIL,NIL,NIL,False,Inactive Parcel
01-24-12-100-042-0004,NIL,NIL,NIL,False,Inactive Parcel
01-24-12-100-043-0004,NIL,NIL,NIL,False,Inactive Parcel
01-24-12-100-044-0004,NIL,NIL,NIL,False,Inactive Parcel
01-24-12-100-045-0004,NIL,NIL,NIL,False,Inactive Parcel
01-24-12-100-046-0004,NIL,NIL,NIL,False,Inactive Parcel
01-24-12-300-002-0000,"210,498",2022,SA/E,True,NIL
01-24-12-300-005-0000,"289,196",2022,SA/E,True,NIL
01-24-12-300-006-0000,"222,619",2022,SA/E,True,NIL
01-24-12-300-007-0000,"262,025",2022,SA/E,True,NIL
01-24-12-300-008-0000,"88,101",2022,SA/E,True,NIL
01-24-12-300-011-0000,"327,168",2022,SA/E,True,NIL
01-24-12-300-012-0000,"23,279",2022,SA/E,True,NIL
01-24-12-300-013-0000,"161,185",2022,SA/E,True,NIL
01-24-12-300-014-0000,"199,388",2022,SA/E,True,NIL
01-24-12-300-015-0000,"110,774",2022,SA/E,True,NIL
01-24-12-300-016-0000,"220,057",2022,SA/E,True,NIL
01-24-12-300-018-0000,"161,764",2022,SA/E,True,NIL
01-24-12-300-019-0000,"295,605",2022,SA/E,True,NIL
01-24-12-300-021-0000,"200,492",2022,SA/E,True,NIL
01-24-12-300-024-0000,"150,810",2022,SA/E,True,NIL
01-24-12-300-025-0000,"351,653",2022,SA/E,True,NIL
01-24-12-300-027-0000,"24,548",2022,SA/E,True,NIL
01-24-12-300-028-0000,"131,245",2022,SA/E,True,NIL
01-24-12-300-029-0000,"195,614",2022,SA/E,True,NIL
01-24-12-300-031-0000,"141,398",2022,SA/E,True,NIL
01-24-12-300-032-0000,"296,577",2022,SA/E,True,NIL
01-24-12-300-033-0000,"23,279",2022,SA/E,True,NIL
01-24-12-300-034-0000,"241,056",2022,SA/E,True,NIL
01-24-12-300-038-0000,"381,533",2022,SA/E,True,NIL
01-24-12-300-039-0000,"301,224",2022,SA/E,True,NIL
01-24-12-300-040-0000,"192,994",2022,SA/E,True,NIL
01-24-12-300-041-0000,NIL,NIL,NIL,False,Inactive Parcel
01-24-12-300-042-0000,NIL,NIL,NIL,False,Inactive Parcel
01-24-12-300-043-0000,"279,517",2022,SA/E,True,NIL
01-24-12-300-044-0000,"241,398",2022,SA/E,True,NIL
01-24-12-300-045-0000,"328,152",2022,SA/E,True,NIL
01-24-12-300-046-0000,"199,991",2022,SA/E,True,NIL
01-24-12-300-049-0000,"23,279",2022,SA/E,True,NIL
01-24-12-300-050-0000,"182,226",2022,SA/E,True,NIL
01-24-12-300-051-0000,"29,604",2022,SA/E,True,NIL
01-24-12-300-053-0000,"168,281",2022,SA/E,True,NIL
01-24-12-300-054-0000,"259,199",2022,SA/E,True,NIL
01-24-12-300-056-0000,3,2022,SA/E,True,NIL
01-24-12-300-057-0000,"30,555",2022,SA/E,True,NIL
01-24-12-300-058-0000,"18,008",2022,SA/E,True,NIL
01-24-12-300-059-0000,"38,650",2022,SA/E,True,NIL
01-24-12-300-060-0000,"333,270",2022,SA/E,True,NIL
01-24-12-300-061-0000,"253,771",2022,SA/E,True,NIL
01-24-12-300-062-0000,"231,161",2022,SA/E,True,NIL
01-24-12-300-064-0000,"460,291",2022,SA/E,True,NIL
01-24-12-300-065-0000,"110,003",2022,SA/E,True,NIL
01-24-12-300-066-0000,"80,264",2022,SA/E,True,NIL
01-24-12-300-068-0000,"142,052",2022,SA/E,True,NIL
01-24-12-300-069-0000,"257,813",2022,SA/E,True,NIL
01-24-12-300-070-0000,0,2022,SA/E,True,NIL
01-24-12-300-071-0000,"199,346",2022,SA/E,True,NIL
01-24-12-301-001-0000,"286,301",2022,SA/E,True,NIL
01-24-12-301-002-0000,"510,141",2022,SA/E,True,NIL
01-24-13-100-007-0000,"435,611",2022,SA/E,True,NIL
01-24-13-100-010-0000,"316,649",2022,SA/E,True,NIL
01-24-13-100-011-0000,"337,669",2022,SA/E,True,NIL
01-24-13-100-013-0000,"345,329",2022,SA/E,True,NIL
01-24-13-100-014-0000,"20,807",2022,SA/E,True,NIL
01-24-13-100-015-0000,"290,633",2022,SA/E,True,NIL
01-24-13-100-016-0000,"414,662",2022,SA/E,True,NIL
01-24-13-100-017-0000,"346,475",2022,SA/E,True,NIL
01-24-13-100-018-0000,"53,420",2022,SA/E,True,NIL
01-24-13-100-019-0000,"248,494",2022,SA/E,True,NIL
01-24-13-100-020-0000,"134,359",2022,SA/E,True,NIL
01-24-13-101-001-0000,"252,775",2022,SA/E,True,NIL
01-24-13-101-002-0000,"271,122",2022,SA/E,True,NIL
01-24-13-101-003-0000,"220,717",2022,SA/E,True,NIL
01-24-13-101-004-0000,"77,990",2022,SA/E,True,NIL
01-24-13-101-005-0000,"70,723",2022,SA/E,True,NIL
01-24-13-101-006-0000,"275,317",2022,SA/E,True,NIL
01-24-13-101-007-0000,"199,952",2022,SA/E,True,NIL
01-24-13-101-008-0000,"250,786",2022,SA/E,True,NIL
01-24-13-101-009-0000,"185,674",2022,SA/E,True,NIL
01-24-13-101-010-0000,"107,951",2022,SA/E,True,NIL
01-24-13-101-011-0000,"193,852",2022,SA/E,True,NIL
01-24-13-101-012-0000,"56,055",2022,SA/E,True,NIL
01-24-13-101-013-0000,"243,513",2022,SA/E,True,NIL
01-24-13-101-015-0000,"3,999",2022,SA/E,True,NIL
01-24-13-101-016-0000,"228,347",2022,SA/E,True,NIL
01-24-13-200-001-0000,"23,279",2022,SA/E,True,NIL
01-24-13-200-002-0000,"131,419",2022,SA/E,True,NIL
01-24-13-200-007-0000,"169,268",2022,SA/E,True,NIL
01-24-13-200-009-0000,"23,279",2022,SA/E,True,NIL
01-24-13-200-010-0000,"119,535",2022,SA/E,True,NIL
01-24-13-200-011-0000,"300,726",2022,SA/E,True,NIL
01-24-13-201-003-0000,"249,973",2022,SA/E,True,NIL
01-24-13-201-004-0000,"148,677",2022,SA/E,True,NIL
01-24-13-201-005-0000,"38,905",2022,SA/E,True,NIL
01-24-13-201-008-0000,"38,905",2022,SA/E,True,NIL
01-24-13-201-009-0000,"201,830",2022,SA/E,True,NIL
01-24-13-201-010-0000,"42,847",2022,SA/E,True,NIL
01-24-13-201-011-0000,"189,499",2022,SA/E,True,NIL
01-24-13-201-012-0000,"145,077",2022,SA/E,True,NIL
01-24-13-201-015-0000,"248,623",2022,SA/E,True,NIL
01-24-13-201-016-0000,"311,410",2022,SA/E,True,NIL
01-24-13-201-017-0000,"5,407",2022,SA/E,True,NIL
01-24-13-201-018-0000,"48,197",2022,SA/E,True,NIL
01-24-13-202-001-0000,"2,466",2022,SA/E,True,NIL
01-24-13-203-001-0000,"290,183",2022,SA/E,True,NIL
01-24-13-203-004-0000,"288,212",2022,SA/E,True,NIL
01-24-13-203-005-0000,"212,610",2022,SA/E,True,NIL
01-24-13-203-006-0000,"302,097",2022,SA/E,True,NIL
01-24-13-203-007-0000,"302,427",2022,SA/E,True,NIL
01-24-13-203-008-0000,"263,573",2022,SA/E,True,NIL
01-24-13-203-009-0000,"219,385",2022,SA/E,True,NIL
01-24-13-203-010-0000,"208,185",2022,SA/E,True,NIL
01-24-13-203-011-0000,"182,382",2022,SA/E,True,NIL
01-24-13-203-013-0000,"261,707",2022,SA/E,True,NIL
01-24-13-203-014-0000,"421,719",2022,SA/E,True,NIL
01-24-13-203-015-0000,"205,440",2022,SA/E,True,NIL
01-24-13-300-004-0000,"6,175",2022,SA/E,True,NIL
01-24-13-300-005-0000,"9,970",2022,SA/E,True,NIL
01-24-13-300-006-0000,"158,365",2022,SA/E,True,NIL
01-24-13-300-007-0000,"12,193",2022,SA/E,True,NIL
01-24-13-300-008-0000,"12,709",2022,SA/E,True,NIL
01-24-13-300-009-0000,"13,075",2022,SA/E,True,NIL
01-24-13-300-010-0000,"134,494",2022,SA/E,True,NIL
01-24-13-300-011-0000,"16,163",2022,SA/E,True,NIL
01-24-13-400-001-0000,"212,793",2022,SA/E,True,NIL
01-24-13-400-005-0000,"6,076",2022,SA/E,True,NIL
01-24-13-400-008-0000,"225,806",2022,SA/E,True,NIL
01-24-13-400-012-0000,"41,896",2022,SA/E,True,NIL
01-24-13-400-013-0000,"258,911",2022,SA/E,True,NIL
01-24-13-400-014-0000,"471,506",2022,SA/E,True,NIL
01-24-13-400-015-0000,"300,360",2022,SA/E,True,NIL
01-24-13-400-016-0000,"305,617",2022,SA/E,True,NIL
01-24-13-400-017-0000,"289,607",2022,SA/E,True,NIL
01-24-13-400-018-0000,"374,032",2022,SA/E,True,NIL
01-24-13-400-019-0000,264,2022,SA/E,True,NIL
01-24-13-400-020-0000,"319,415",2022,SA/E,True,NIL
01-24-13-400-021-0000,"1,644",2022,SA/E,True,NIL
01-24-13-400-022-0000,"58,671",2022,SA/E,True,NIL
01-24-13-401-002-0000,"267,294",2022,SA/E,True,NIL
01-24-13-401-006-0000,"234,623",2022,SA/E,True,NIL
01-24-13-401-011-0000,"2,881,086",2022,SA/E,True,NIL
01-24-13-401-012-0000,0,2022,SA/E,True,NIL
01-24-13-404-001-0000,"77,990",2022,SA/E,True,NIL
01-24-13-404-002-0000,"409,643",2022,SA/E,True,NIL
01-24-13-404-005-0000,"256,847",2022,SA/E,True,NIL
01-24-13-404-006-0000,"239,688",2022,SA/E,True,NIL
01-24-14-100-003-0000,"6,673",2022,SA/E,True,NIL
01-24-14-100-004-0000,0,2022,SA/E,True,NIL
01-24-14-100-005-0004,NIL,NIL,NIL,False,Inactive Parcel
01-24-14-200-002-0000,"161,404",2022,SA/E,True,NIL
01-24-14-200-006-0000,"224,344",2022,SA/E,True,NIL
01-24-14-200-008-0000,"8,854",2022,SA/E,True,NIL
01-24-14-200-011-0000,"69,124",2022,SA/E,True,NIL
01-24-14-200-012-0000,"148,404",2022,SA/E,True,NIL
01-24-14-200-013-0000,"5,800",2022,SA/E,True,NIL
01-24-14-200-014-0000,"172,427",2022,SA/E,True,NIL
01-24-14-200-015-0000,"285,539",2022,SA/E,True,NIL
01-24-14-200-016-0000,"9,811",2022,SA/E,True,NIL
01-24-14-200-017-0000,"9,991",2022,SA/E,True,NIL
01-24-14-200-018-0000,"448,287",2022,SA/E,True,NIL
01-24-14-300-003-0000,"17,111",2022,SA/E,True,NIL
01-24-14-300-004-0000,0,2022,SA/E,True,NIL
01-24-14-300-007-0004,"10,093",2022,SA/E,True,NIL
01-24-14-400-005-0000,"323,771",2022,SA/E,True,NIL
01-24-14-400-007-0000,"277,696",2022,SA/E,True,NIL
01-24-14-400-011-0000,"10,744",2022,SA/E,True,NIL
01-24-14-400-012-0000,"54,572",2022,SA/E,True,NIL
01-24-14-400-013-0000,"288,143",2022,SA/E,True,NIL
01-24-14-400-014-0000,"325,296",2022,SA/E,True,NIL
01-24-14-400-015-0000,"257,411",2022,SA/E,True,NIL
01-24-15-100-004-0000,"71,887",2022,SA/E,True,NIL
01-24-15-100-005-0000,"157,576",2022,SA/E,True,NIL
01-24-15-100-009-0000,0,2022,SA/E,True,NIL
01-24-15-100-012-0000,"337,495",2022,SA/E,True,NIL
01-24-15-100-013-0000,"206,607",2022,SA/E,True,NIL
01-24-15-100-015-0000,"311,920",2022,SA/E,True,NIL
01-24-15-100-016-0000,"44,947",2022,SA/E,True,NIL
01-24-15-100-017-0000,"73,366",2022,SA/E,True,NIL
01-24-15-100-019-0000,"398,032",2022,SA/E,True,NIL
01-24-15-100-020-0000,"366,418",2022,SA/E,True,NIL
01-24-15-100-021-0000,"374,812",2022,SA/E,True,NIL
01-24-15-100-022-0000,"244,656",2022,SA/E,True,NIL
01-24-15-200-002-0000,"20,264",2022,SA/E,True,NIL
01-24-15-200-008-0000,"414,296",2022,SA/E,True,NIL
01-24-15-200-009-0000,"367,906",2022,SA/E,True,NIL
01-24-15-200-011-0000,"307,117",2022,SA/E,True,NIL
01-24-15-200-012-0000,"422,178",2022,SA/E,True,NIL
01-24-15-200-015-0000,"199,220",2022,SA/E,True,NIL
01-24-15-200-017-0000,"256,931",2022,SA/E,True,NIL
01-24-15-200-019-0000,"230,591",2022,SA/E,True,NIL
01-24-15-200-021-0000,"283,303",2022,SA/E,True,NIL
01-24-15-200-022-0000,"41,521",2022,SA/E,True,NIL
01-24-15-200-023-0000,"41,674",2022,SA/E,True,NIL
01-24-15-200-025-0000,"1,836",2022,SA/E,True,NIL
01-24-15-200-026-0000,"340,630",2022,SA/E,True,NIL
01-24-15-200-027-0000,"215,053",2022,SA/E,True,NIL
01-24-15-200-028-0000,"8,815",2022,SA/E,True,NIL
01-24-15-200-031-0000,3,2022,SA/E,True,NIL
01-24-15-200-032-0000,"277,819",2022,SA/E,True,NIL
01-24-15-201-001-0000,"348,488",2022,SA/E,True,NIL
01-24-15-201-002-0000,"33,261",2022,SA/E,True,NIL
01-24-15-300-002-0000,0,2022,SA/E,True,NIL
01-24-15-300-007-0000,"8,887",2022,SA/E,True,NIL
01-24-15-300-009-0000,"26,436",2022,SA/E,True,NIL
01-24-15-300-010-0000,"4,089",2022,SA/E,True,NIL
01-24-15-300-011-0000,"26,862",2022,SA/E,True,NIL
01-24-15-300-012-0000,"14,449",2022,SA/E,True,NIL
01-24-15-300-014-0000,"234,029",2022,SA/E,True,NIL
01-24-15-300-016-0000,"213,486",2022,SA/E,True,NIL
01-24-15-300-017-0000,"220,996",2022,SA/E,True,NIL
01-24-15-300-018-0000,0,2022,SA/E,True,NIL
01-24-15-300-019-0004,NIL,NIL,NIL,False,Inactive Parcel
01-24-15-400-001-0000,0,2022,SA/E,True,NIL
01-24-15-400-004-0000,0,2022,SA/E,True,NIL
01-24-15-400-005-0000,"8,806",2022,SA/E,True,NIL
01-24-15-400-006-0000,"224,146",2022,SA/E,True,NIL
01-24-15-400-007-0004,"10,093",2022,SA/E,True,NIL
01-24-22-100-004-0000,"25,524",2022,SA/E,True,NIL
01-24-22-100-005-0000,"15,305",2022,SA/E,True,NIL
01-24-22-100-006-0000,"28,665",2022,SA/E,True,NIL
01-24-22-100-007-0000,"8,695",2022,SA/E,True,NIL
01-24-22-100-008-0000,"8,611",2022,SA/E,True,NIL
01-24-22-100-009-0000,"8,182",2022,SA/E,True,NIL
01-24-22-100-010-0000,"31,641",2022,SA/E,True,NIL
01-24-22-100-011-0000,"7,753",2022,SA/E,True,NIL
01-24-22-100-012-0000,"7,423",2022,SA/E,True,NIL
01-24-22-100-013-0000,"8,686",2022,SA/E,True,NIL
01-24-22-100-014-0000,"8,572",2022,SA/E,True,NIL
01-24-22-100-015-0000,"8,605",2022,SA/E,True,NIL
01-24-22-100-016-0000,"8,488",2022,SA/E,True,NIL
01-24-22-200-001-0000,0,2022,SA/E,True,NIL
01-24-22-200-002-0000,"31,854",2022,SA/E,True,NIL
01-24-22-200-003-0000,"187,909",2022,SA/E,True,NIL
01-24-22-200-004-0004,"15,767",2022,SA/E,True,NIL
01-24-22-300-001-0000,"309,331",2022,SA/E,True,NIL
01-24-22-300-002-0000,"140,009",2022,SA/E,True,NIL
01-24-22-400-001-0000,"258,761",2022,SA/E,True,NIL
01-24-23-100-001-0000,"59,907",2022,SA/E,True,NIL
01-24-23-100-012-0000,"221,152",2022,SA/E,True,NIL
01-24-23-100-013-0000,"235,731",2022,SA/E,True,NIL
01-24-23-100-016-0000,"292,481",2022,SA/E,True,NIL
01-24-23-100-017-0000,"143,249",2022,SA/E,True,NIL
01-24-23-100-018-0000,"1,128",2022,SA/E,True,NIL
01-24-23-100-020-0000,"271,653",2022,SA/E,True,NIL
01-24-23-100-021-0000,"224,134",2022,SA/E,True,NIL
01-24-23-100-022-0000,"321,284",2022,SA/E,True,NIL
01-24-23-100-023-0000,"288,053",2022,SA/E,True,NIL
01-24-23-200-004-0000,"134,488",2022,SA/E,True,NIL
01-24-23-200-005-0000,"131,461",2022,SA/E,True,NIL
01-24-23-200-006-0000,"134,488",2022,SA/E,True,NIL
01-24-23-200-008-0000,"309,529",2022,SA/E,True,NIL
01-24-23-200-009-0000,"163,714",2022,SA/E,True,NIL
01-24-23-200-010-0000,"356,052",2022,SA/E,True,NIL
01-24-23-200-011-0000,"139,355",2022,SA/E,True,NIL
01-24-23-200-013-0000,"172,307",2022,SA/E,True,NIL
01-24-23-200-014-0000,"222,187",2022,SA/E,True,NIL
01-24-23-200-015-0000,"242,019",2022,SA/E,True,NIL
01-24-23-300-003-0000,"28,260",2022,SA/E,True,NIL
01-24-23-300-004-0000,"25,146",2022,SA/E,True,NIL
01-24-23-300-005-0000,"90,780",2022,SA/E,True,NIL
01-24-23-300-006-0000,"215,752",2022,SA/E,True,NIL
01-24-23-300-008-0000,"294,509",2022,SA/E,True,NIL
01-24-23-300-009-0000,"150,213",2022,SA/E,True,NIL
01-24-23-300-010-0000,"8,035",2022,SA/E,True,NIL
01-24-23-300-011-0000,"8,131",2022,SA/E,True,NIL
01-24-23-400-001-0000,"121,260",2022,SA/E,True,NIL
01-24-24-100-003-0000,"59,811",2022,SA/E,True,NIL
01-24-24-100-004-0000,297,2022,SA/E,True,NIL
01-24-24-100-005-0000,"59,301",2022,SA/E,True,NIL
01-24-24-100-006-0000,"145,182",2022,SA/E,True,NIL
01-24-24-200-003-0000,"45,074",2022,SA/E,True,NIL
01-24-24-200-004-0000,"1,938",2022,SA/E,True,NIL
01-24-24-201-001-0000,"3,045",2022,SA/E,True,NIL
01-24-24-202-001-0000,"267,951",2022,SA/E,True,NIL
01-24-24-203-001-0000,"10,336",2022,SA/E,True,NIL
01-24-24-203-002-0000,"11,689",2022,SA/E,True,NIL
01-24-24-203-003-0000,"136,166",2022,SA/E,True,NIL
01-24-24-203-004-0000,"169,601",2022,SA/E,True,NIL
01-24-24-203-005-0000,"123,918",2022,SA/E,True,NIL
01-24-24-203-006-0000,"115,212",2022,SA/E,True,NIL
01-24-24-203-007-0000,"254,620",2022,SA/E,True,NIL
01-24-24-203-008-0000,"23,279",2022,SA/E,True,NIL
01-24-24-203-010-0000,"143,858",2022,SA/E,True,NIL
01-24-24-203-011-0000,0,2022,SA/E,True,NIL
01-24-24-203-012-0000,0,2022,SA/E,True,NIL
01-24-24-203-013-0000,0,2022,SA/E,True,NIL
01-24-24-203-014-0000,0,2022,SA/E,True,NIL
01-24-24-203-015-0000,"159,562",2022,SA/E,True,NIL
01-24-24-203-017-0000,"260,627",2022,SA/E,True,NIL
01-24-24-203-018-0000,"228,350",2022,SA/E,True,NIL
01-24-24-300-001-0000,NIL,NIL,NIL,False,Inactive Parcel
01-24-24-300-002-0000,"19,877",2022,SA/E,True,NIL
01-24-24-300-003-0000,"17,966",2022,SA/E,True,NIL
01-24-24-300-004-0000,"93,135",2022,SA/E,True,NIL
01-24-24-400-002-0000,"123,333",2022,SA/E,True,NIL
01-24-25-100-003-0000,NIL,NIL,NIL,False,Inactive Parcel
01-24-25-100-004-0000,"25,209",2022,SA/E,True,NIL
01-24-25-100-005-0000,"7,504",2022,SA/E,True,NIL
01-24-25-100-006-0000,"192,157",2022,SA/E,True,NIL
01-24-25-200-004-0000,"221,749",2022,SA/E,True,NIL
01-24-25-200-006-0000,"142,973",2022,SA/E,True,NIL
01-24-25-200-007-0000,"10,699",2022,SA/E,True,NIL
01-24-25-200-008-0000,"867,834",2022,SA/E,True,NIL
01-24-25-300-001-0000,"167,216",2022,SA/E,True,NIL
01-24-25-300-002-0000,"396,964",2022,SA/E,True,NIL
01-24-25-300-005-0000,"59,085",2022,SA/E,True,NIL
01-24-25-400-003-0000,"232,544",2022,SA/E,True,NIL
01-24-25-400-004-0000,"8,242",2022,SA/E,True,NIL
01-24-25-400-005-0000,"7,486",2022,SA/E,True,NIL
01-24-25-400-006-0000,"8,041",2022,SA/E,True,NIL
01-24-25-400-007-0000,"7,483",2022,SA/E,True,NIL
01-24-25-400-008-0000,"7,090",2022,SA/E,True,NIL
01-24-25-400-009-0000,"6,340",2022,SA/E,True,NIL
01-24-25-400-010-0000,"5,224",2022,SA/E,True,NIL
01-24-26-100-003-0000,"34,278",2022,SA/E,True,NIL
01-24-26-100-006-0000,"32,289",2022,SA/E,True,NIL
01-24-26-100-007-0000,"73,192",2022,SA/E,True,NIL
01-24-26-100-008-0000,"209,751",2022,SA/E,True,NIL
01-24-26-100-010-0000,"297,786",2022,SA/E,True,NIL
01-24-26-100-011-0000,"5,839",2022,SA/E,True,NIL
01-24-26-100-012-0000,"3,558",2022,SA/E,True,NIL
01-24-26-100-013-0000,"103,765",2022,SA/E,True,NIL
01-24-26-200-001-0000,"220,351",2022,SA/E,True,NIL
01-24-26-200-003-0000,"67,609",2022,SA/E,True,NIL
01-24-26-200-004-0000,"242,013",2022,SA/E,True,NIL
01-24-26-300-001-0000,"64,041",2022,SA/E,True,NIL
01-24-26-300-002-0000,"70,699",2022,SA/E,True,NIL
01-24-26-400-001-0000,"61,782",2022,SA/E,True,NIL
01-24-26-400-002-0000,"274,872",2022,SA/E,True,NIL
01-24-26-400-003-0000,"34,377",2022,SA/E,True,NIL
01-24-26-400-004-0000,"32,499",2022,SA/E,True,NIL
01-24-27-100-002-0000,"323,357",2022,SA/E,True,NIL
01-24-27-300-001-0000,"124,098",2022,SA/E,True,NIL
01-24-27-400-001-0000,"124,533",2022,SA/E,True,NIL
01-24-34-100-003-0000,"140,642",2022,SA/E,True,NIL
01-24-34-100-004-0000,"203,315",2022,SA/E,True,NIL
01-24-34-100-005-0000,"3,453",2022,SA/E,True,NIL
01-24-34-200-003-0000,"8,596",2022,SA/E,True,NIL
01-24-34-200-005-0000,"132,562",2022,SA/E,True,NIL
01-24-34-200-006-0000,"188,242",2022,SA/E,True,NIL
01-24-34-200-007-0000,"209,229",2022,SA/E,True,NIL
01-24-34-200-008-0000,"219,121",2022,SA/E,True,NIL
01-24-34-200-010-0000,"275,176",2022,SA/E,True,NIL
01-24-34-200-011-0000,"29,754",2022,SA/E,True,NIL
01-24-34-200-012-0000,"40,060",2022,SA/E,True,NIL
01-24-34-200-013-0000,"8,668",2022,SA/E,True,NIL
01-24-34-300-003-0000,"252,751",2022,SA/E,True,NIL
01-24-34-300-004-0000,"41,845",2022,SA/E,True,NIL
01-24-34-300-005-0000,"173,981",2022,SA/E,True,NIL
01-24-34-300-006-0000,"3,774",2022,SA/E,True,NIL
01-24-34-400-003-0000,"27,546",2022,SA/E,True,NIL
01-24-34-400-004-0000,"34,329",2022,SA/E,True,NIL
01-24-35-100-002-0000,"86,397",2022,SA/E,True,NIL
01-24-35-100-005-0000,"32,691",2022,SA/E,True,NIL
01-24-35-100-006-0000,"233,837",2022,SA/E,True,NIL
01-24-35-100-007-0000,"25,143",2022,SA/E,True,NIL
01-24-35-200-001-0000,"203,627",2022,SA/E,True,NIL
01-24-35-200-002-0000,"38,773",2022,SA/E,True,NIL
01-24-35-200-005-0000,"23,279",2022,SA/E,True,NIL
01-24-35-200-006-0000,"12,766",2022,SA/E,True,NIL
01-24-35-200-007-0000,474,2022,SA/E,True,NIL
01-24-35-300-002-0000,NIL,NIL,NIL,False,Inactive Parcel
01-24-35-300-003-0000,"43,942",2022,SA/E,True,NIL
01-24-35-300-004-0000,"13,123",2022,SA/E,True,NIL
01-24-35-400-001-0000,"32,073",2022,SA/E,True,NIL
01-24-35-400-005-0000,"47,507",2022,SA/E,True,NIL
01-24-35-400-009-0000,"214,989",2022,SA/E,True,NIL
01-24-35-400-011-0000,"224,836",2022,SA/E,True,NIL
01-24-35-400-012-0000,"144,950",2022,SA/E,True,NIL
01-24-35-400-017-0000,"254,191",2022,SA/E,True,NIL
01-24-35-400-021-0000,"222,922",2022,SA/E,True,NIL
01-24-35-400-023-0000,"104,542",2022,SA/E,True,NIL
01-24-35-400-024-0000,"7,576",2022,SA/E,True,NIL
01-24-35-400-026-0000,"218,158",2022,SA/E,True,NIL
01-24-35-400-027-0000,"193,195",2022,SA/E,True,NIL
01-24-35-400-028-0000,"12,424",2022,SA/E,True,NIL
01-24-35-400-029-0000,"310,519",2022,SA/E,True,NIL
01-24-35-400-030-0000,NIL,NIL,NIL,False,Inactive Parcel
01-24-35-400-031-0000,"193,318",2022,SA/E,True,NIL
01-24-35-400-032-0000,"208,656",2022,SA/E,True,NIL
01-24-35-400-033-0000,"204,821",2022,SA/E,True,NIL
01-24-35-400-034-0000,"32,697",2022,SA/E,True,NIL
01-24-35-400-035-0000,"232,292",2022,SA/E,True,NIL
01-24-36-100-006-0000,"315,350",2022,SA/E,True,NIL
01-24-36-100-007-0000,"482,259",2022,SA/E,True,NIL
01-24-36-100-008-0000,"10,051",2022,SA/E,True,NIL
01-24-36-100-009-0000,"153,561",2022,SA/E,True,NIL
01-24-36-100-010-0000,"38,482",2022,SA/E,True,NIL
01-24-36-200-003-0000,"281,743",2022,SA/E,True,NIL
01-24-36-200-004-0000,"53,213",2022,SA/E,True,NIL
01-24-36-200-005-0000,"398,110",2022,SA/E,True,NIL
01-24-36-200-006-0000,"8,398",2022,SA/E,True,NIL
01-24-36-200-007-0000,"7,771",2022,SA/E,True,NIL
01-24-36-200-008-0000,"7,936",2022,SA/E,True,NIL
01-24-36-200-009-0000,"5,863",2022,SA/E,True,NIL
01-24-36-300-005-0000,"7,447",2022,SA/E,True,NIL
01-24-36-300-006-0000,"7,618",2022,SA/E,True,NIL
01-24-36-300-008-0000,"299,376",2022,SA/E,True,NIL
01-24-36-300-009-0000,"359,613",2022,SA/E,True,NIL
01-24-36-300-010-0000,"402,472",2022,SA/E,True,NIL
01-24-36-300-011-0000,"107,609",2022,SA/E,True,NIL
01-24-36-300-012-0000,"464,062",2022,SA/E,True,NIL
01-24-36-300-013-0000,"3,789",2022,SA/E,True,NIL
01-24-36-300-014-0000,"3,177",2022,SA/E,True,NIL
01-24-36-400-002-0000,"217,870",2022,SA/E,True,NIL
01-24-36-400-004-0000,"34,554",2022,SA/E,True,NIL
01-24-36-400-005-0000,"100,954",2022,SA/E,True,NIL
01-24-36-400-006-0000,"3,873",2022,SA/E,True,NIL
01-25-19-102-002-0000,"138,350",2022,SA/E,True,NIL
01-25-19-102-003-0000,"130,990",2022,SA/E,True,NIL
01-25-19-102-004-0000,"3,744",2022,SA/E,True,NIL
01-25-19-102-005-0000,"244,320",2022,SA/E,True,NIL
01-25-19-102-006-0000,0,2022,SA/E,True,NIL
01-25-19-103-001-0000,"174,530",2022,SA/E,True,NIL
01-25-19-103-002-0000,"58,650",2022,SA/E,True,NIL
01-25-19-103-003-0000,"212,019",2022,SA/E,True,NIL
01-25-19-103-004-0000,"71,149",2022,SA/E,True,NIL
01-25-19-103-005-0000,"189,562",2022,SA/E,True,NIL
01-25-19-103-006-0000,"223,378",2022,SA/E,True,NIL
01-25-19-103-007-0000,"163,144",2022,SA/E,True,NIL
01-25-19-103-008-0000,"431,602",2022,SA/E,True,NIL
01-25-19-103-009-0000,"77,990",2022,SA/E,True,NIL
01-25-19-103-010-0000,"377,912",2022,SA/E,True,NIL
01-25-19-103-014-0000,"58,887",2022,SA/E,True,NIL
01-25-19-103-015-0000,0,2022,SA/E,True,NIL
01-25-19-103-016-0000,0,2022,SA/E,True,NIL
01-25-19-103-017-0000,"131,059",2022,SA/E,True,NIL
01-25-19-103-020-0000,"206,418",2022,SA/E,True,NIL
01-25-19-103-021-0000,"188,902",2022,SA/E,True,NIL
01-25-19-103-022-0000,"195,320",2022,SA/E,True,NIL
01-25-19-103-023-0000,"207,504",2022,SA/E,True,NIL
01-25-19-103-024-0000,"246,184",2022,SA/E,True,NIL
01-25-19-103-025-0000,"170,489",2022,SA/E,True,NIL
01-25-19-103-026-0000,"199,625",2022,SA/E,True,NIL
01-25-19-103-027-0000,"200,708",2022,SA/E,True,NIL
01-25-19-103-028-0000,"165,314",2022,SA/E,True,NIL
01-25-19-103-029-0000,"149,280",2022,SA/E,True,NIL
01-25-19-104-001-0000,"146,337",2022,SA/E,True,NIL
01-25-19-104-002-0000,"27,114",2022,SA/E,True,NIL
01-25-19-104-003-0000,"23,279",2022,SA/E,True,NIL
01-25-19-104-006-0000,"30,210",2022,SA/E,True,NIL
01-25-19-104-007-0000,"14,830",2022,SA/E,True,NIL
01-25-19-104-008-0000,"126,613",2022,SA/E,True,NIL
01-25-19-104-009-0000,"251,146",2022,SA/E,True,NIL
01-25-19-104-010-0000,"152,058",2022,SA/E,True,NIL
01-25-19-104-011-0000,0,2022,SA/E,True,NIL
01-25-19-104-012-0000,0,2022,SA/E,True,NIL
01-25-19-104-013-0000,"164,533",2022,SA/E,True,NIL
01-25-19-104-014-0000,0,2022,SA/E,True,NIL
01-25-19-105-002-0000,"115,158",2022,SA/E,True,NIL
01-25-19-105-003-0000,"23,279",2022,SA/E,True,NIL
01-25-19-105-004-0000,"30,579",2022,SA/E,True,NIL
01-25-19-105-005-0000,"125,140",2022,SA/E,True,NIL
01-25-19-105-006-0000,"95,035",2022,SA/E,True,NIL
01-25-19-105-007-0000,"104,290",2022,SA/E,True,NIL
01-25-19-105-008-0000,"23,279",2022,SA/E,True,NIL
01-25-19-105-009-0000,"95,503",2022,SA/E,True,NIL
01-25-19-105-010-0000,"51,389",2022,SA/E,True,NIL
01-25-19-105-011-0000,0,2022,SA/E,True,NIL
01-25-19-106-001-0000,"117,825",2022,SA/E,True,NIL
01-25-19-106-002-0000,"153,498",2022,SA/E,True,NIL
01-25-19-106-003-0000,"74,140",2022,SA/E,True,NIL
01-25-19-106-004-0000,"23,282",2022,SA/E,True,NIL
01-25-19-106-005-0000,"242,367",2022,SA/E,True,NIL
01-25-19-107-001-0000,"186,934",2022,SA/E,True,NIL
01-25-19-107-002-0000,"130,552",2022,SA/E,True,NIL
01-25-19-107-005-0000,"23,279",2022,SA/E,True,NIL
01-25-19-107-006-0000,"78,884",2022,SA/E,True,NIL
01-25-19-107-007-0000,"99,697",2022,SA/E,True,NIL
01-25-19-107-008-0000,"11,689",2022,SA/E,True,NIL
01-25-19-107-009-0000,"112,553",2022,SA/E,True,NIL
01-25-19-107-010-0000,"124,611",2022,SA/E,True,NIL
01-25-19-108-001-0000,"201,851",2022,SA/E,True,NIL
01-25-19-108-002-0000,"223,486",2022,SA/E,True,NIL
01-25-19-108-006-0000,"127,066",2022,SA/E,True,NIL
01-25-19-108-007-0000,"153,024",2022,SA/E,True,NIL
01-25-19-108-014-0000,0,2022,SA/E,True,NIL
01-25-19-108-016-0000,"215,266",2022,SA/E,True,NIL
01-25-19-108-017-0000,"6,445",2022,SA/E,True,NIL
01-25-19-108-018-0000,"120,054",2022,SA/E,True,NIL
01-25-19-108-019-0000,474,2022,SA/E,True,NIL
01-25-19-202-001-0000,"175,590",2022,SA/E,True,NIL
01-25-19-202-002-0000,"242,013",2022,SA/E,True,NIL
01-25-19-202-003-0000,"235,605",2022,SA/E,True,NIL
01-25-19-202-004-0000,"172,793",2022,SA/E,True,NIL
01-25-19-202-005-0000,"100,030",2022,SA/E,True,NIL
01-25-19-202-008-0000,"271,782",2022,SA/E,True,NIL
01-25-19-202-009-0000,"71,296",2022,SA/E,True,NIL
01-25-19-202-010-0000,"191,230",2022,SA/E,True,NIL
01-25-19-202-011-0000,"193,123",2022,SA/E,True,NIL
01-25-19-202-012-0000,"298,281",2022,SA/E,True,NIL
01-25-19-203-001-0000,"173,063",2022,SA/E,True,NIL
01-25-19-203-002-0000,"151,392",2022,SA/E,True,NIL
01-25-19-300-004-0000,NIL,NIL,NIL,False,Inactive Parcel
01-25-19-300-006-0000,"202,670",2022,SA/E,True,NIL
01-25-19-300-008-0000,"352,829",2022,SA/E,True,NIL
01-25-19-300-012-0000,"313,240",2022,SA/E,True,NIL
01-25-19-300-014-0000,"358,701",2022,SA/E,True,NIL
01-25-19-300-016-0000,"23,267",2022,SA/E,True,NIL
01-25-19-300-018-0000,NIL,NIL,NIL,False,Inactive Parcel
01-25-19-300-019-0000,NIL,NIL,NIL,False,Inactive Parcel
01-25-19-300-020-0000,"52,640",2022,SA/E,True,NIL
01-25-19-400-001-0000,"37,933",2022,SA/E,True,NIL
01-25-19-400-003-0000,"23,279",2022,SA/E,True,NIL
01-25-19-400-004-0000,"186,172",2022,SA/E,True,NIL
01-25-19-400-006-0000,"20,510",2022,SA/E,True,NIL
01-25-19-400-010-0000,"256,892",2022,SA/E,True,NIL
01-25-19-400-012-0000,"23,279",2022,SA/E,True,NIL
01-25-19-400-017-0000,"27,453",2022,SA/E,True,NIL
01-25-19-400-018-0000,"206,757",2022,SA/E,True,NIL
01-25-19-400-019-0000,"150,660",2022,SA/E,True,NIL
01-25-19-401-005-0000,"177,786",2022,SA/E,True,NIL
01-25-19-401-006-0000,"112,121",2022,SA/E,True,NIL
01-25-19-401-007-0000,"180,345",2022,SA/E,True,NIL
01-25-19-401-008-0000,"95,287",2022,SA/E,True,NIL
01-25-19-401-009-0000,"101,398",2022,SA/E,True,NIL
01-25-19-401-011-0000,"190,207",2022,SA/E,True,NIL
01-25-19-401-012-0000,"56,922",2022,SA/E,True,NIL
01-25-19-401-016-0000,NIL,NIL,NIL,False,Inactive Parcel
01-25-19-401-017-0000,NIL,NIL,NIL,False,Inactive Parcel
01-25-19-401-018-0000,"273,291",2022,SA/E,True,NIL
01-25-19-401-020-0000,"264,191",2022,SA/E,True,NIL
01-25-19-401-023-0000,"268,800",2022,SA/E,True,NIL
01-25-19-401-024-0000,0,2022,SA/E,True,NIL
01-25-19-401-025-0000,"205,653",2022,SA/E,True,NIL
01-25-19-401-026-0000,"122,331",2022,SA/E,True,NIL
01-25-19-401-027-0000,"159,832",2022,SA/E,True,NIL
01-25-19-402-001-0000,"184,650",2022,SA/E,True,NIL
01-25-19-402-002-0000,"171,527",2022,SA/E,True,NIL
01-25-19-402-003-0000,"194,755",2022,SA/E,True,NIL
01-25-19-402-004-0000,"23,279",2022,SA/E,True,NIL
01-25-19-402-005-0000,"192,037",2022,SA/E,True,NIL
01-25-19-402-006-0000,"179,040",2022,SA/E,True,NIL
01-25-19-402-007-0000,"176,382",2022,SA/E,True,NIL
01-25-19-402-008-0000,"211,524",2022,SA/E,True,NIL
01-25-19-402-009-0000,"224,485",2022,SA/E,True,NIL
01-25-19-402-010-0000,"204,092",2022,SA/E,True,NIL
01-25-19-402-011-0000,"36,439",2022,SA/E,True,NIL
01-25-19-402-012-0000,"216,286",2022,SA/E,True,NIL
01-25-19-402-013-0000,"187,156",2022,SA/E,True,NIL
01-25-19-403-001-0000,"205,974",2022,SA/E,True,NIL
01-25-19-403-002-0000,"163,057",2022,SA/E,True,NIL
01-25-19-403-003-0000,"156,823",2022,SA/E,True,NIL
01-25-19-403-004-0000,"223,330",2022,SA/E,True,NIL
01-25-19-403-005-0000,"163,702",2022,SA/E,True,NIL
01-25-19-403-006-0000,"23,279",2022,SA/E,True,NIL
01-25-19-403-007-0000,"220,114",2022,SA/E,True,NIL
01-25-19-403-008-0000,"173,069",2022,SA/E,True,NIL
01-25-19-403-009-0000,"145,962",2022,SA/E,True,NIL
01-25-19-403-010-0000,"237,771",2022,SA/E,True,NIL
01-25-19-404-001-0000,"246,187",2022,SA/E,True,NIL
01-25-19-404-002-0000,"216,646",2022,SA/E,True,NIL
01-25-19-404-003-0000,"145,962",2022,SA/E,True,NIL
01-25-19-404-004-0000,"188,608",2022,SA/E,True,NIL
01-25-19-404-005-0000,"173,972",2022,SA/E,True,NIL
01-25-19-404-006-0000,"190,198",2022,SA/E,True,NIL
01-25-19-404-007-0000,"31,821",2022,SA/E,True,NIL
01-25-19-404-008-0000,"190,384",2022,SA/E,True,NIL
01-25-19-404-009-0000,"173,216",2022,SA/E,True,NIL
01-25-19-404-010-0000,"143,492",2022,SA/E,True,NIL
01-25-19-404-011-0000,"258,452",2022,SA/E,True,NIL
01-25-19-404-012-0000,"31,821",2022,SA/E,True,NIL
01-25-19-404-013-0000,"31,821",2022,SA/E,True,NIL
01-25-19-404-014-0000,"206,601",2022,SA/E,True,NIL
01-25-19-404-015-0000,"228,605",2022,SA/E,True,NIL
01-25-19-404-016-0000,"136,286",2022,SA/E,True,NIL
01-25-19-404-017-0000,"126,451",2022,SA/E,True,NIL
01-25-19-404-018-0000,"126,778",2022,SA/E,True,NIL
01-25-19-404-019-0000,"30,192",2022,SA/E,True,NIL
01-25-19-404-020-0000,"30,192",2022,SA/E,True,NIL
01-25-19-404-021-0000,"180,591",2022,SA/E,True,NIL
01-25-19-404-022-0000,"169,040",2022,SA/E,True,NIL
01-25-19-404-023-0000,"136,286",2022,SA/E,True,NIL
01-25-19-404-024-0000,"206,364",2022,SA/E,True,NIL
01-25-19-404-025-0000,"169,481",2022,SA/E,True,NIL
01-25-19-404-026-0000,"30,192",2022,SA/E,True,NIL
01-25-19-404-027-0000,"225,374",2022,SA/E,True,NIL
01-25-19-404-028-0000,"203,471",2022,SA/E,True,NIL
01-25-19-405-001-0000,"231,755",2022,SA/E,True,NIL
01-25-19-405-002-0000,"243,783",2022,SA/E,True,NIL
01-25-19-405-003-0000,"199,589",2022,SA/E,True,NIL
01-25-19-405-004-0000,"166,052",2022,SA/E,True,NIL
01-25-19-405-005-0000,"168,455",2022,SA/E,True,NIL
01-25-19-405-006-0000,"220,054",2022,SA/E,True,NIL
01-25-19-405-007-0000,"214,731",2022,SA/E,True,NIL
01-25-19-405-008-0000,"270,690",2022,SA/E,True,NIL
01-25-19-405-009-0000,"214,857",2022,SA/E,True,NIL
01-25-19-405-010-0000,"235,401",2022,SA/E,True,NIL
01-25-19-405-011-0000,"176,868",2022,SA/E,True,NIL
01-25-19-405-012-0000,"286,106",2022,SA/E,True,NIL
01-25-19-405-013-0000,"224,230",2022,SA/E,True,NIL
01-25-19-405-014-0000,"254,587",2022,SA/E,True,NIL
01-25-19-406-001-0000,"207,315",2022,SA/E,True,NIL
01-25-19-406-002-0000,"196,463",2022,SA/E,True,NIL
01-25-19-406-003-0000,"180,246",2022,SA/E,True,NIL
01-25-19-406-004-0000,"246,361",2022,SA/E,True,NIL
01-25-19-406-005-0000,"213,969",2022,SA/E,True,NIL
01-25-19-406-006-0000,"223,111",2022,SA/E,True,NIL
01-25-20-300-002-0000,0,2022,SA/E,True,NIL
01-25-20-400-002-0000,"1,045,398",2022,SA/E,True,NIL
01-25-20-401-001-0000,"501,812",2022,SA/E,True,NIL
01-25-20-401-002-0000,"188,287",2022,SA/E,True,NIL
01-25-20-401-003-0000,"477,786",2022,SA/E,True,NIL
01-25-26-300-005-0000,0,2022,SA/E,True,NIL
01-25-26-300-006-0000,"24,998",2022,SA/E,True,NIL
01-25-26-300-007-0000,"80,702",2022,SA/E,True,NIL
01-25-26-300-008-0004,"24,815",2022,SA/E,True,NIL
01-25-27-300-001-0000,"84,167",2022,SA/E,True,NIL
01-25-27-300-003-0000,"428,764",2022,SA/E,True,NIL
01-25-27-400-004-0000,"249,253",2022,SA/E,True,NIL
01-25-27-400-006-0000,"300,633",2022,SA/E,True,NIL
01-25-27-400-007-0000,"139,232",2022,SA/E,True,NIL
01-25-27-400-008-0000,"187,999",2022,SA/E,True,NIL
01-25-27-400-009-0000,0,2022,SA/E,True,NIL
01-25-27-400-010-0000,"371,161",2022,SA/E,True,NIL
01-25-28-100-001-0000,"212,367",2022,SA/E,True,NIL
01-25-28-100-007-0000,"199,391",2022,SA/E,True,NIL
01-25-28-100-012-0000,"339,505",2022,SA/E,True,NIL
01-25-28-100-013-0000,"277,975",2022,SA/E,True,NIL
01-25-28-100-014-0000,"23,279",2022,SA/E,True,NIL
01-25-28-100-017-0000,"358,659",2022,SA/E,True,NIL
01-25-28-100-019-0000,"170,339",2022,SA/E,True,NIL
01-25-28-100-020-0000,"264,266",2022,SA/E,True,NIL
01-25-28-100-021-0000,"259,640",2022,SA/E,True,NIL
01-25-28-100-022-0000,"250,078",2022,SA/E,True,NIL
01-25-28-100-023-0000,"274,413",2022,SA/E,True,NIL
01-25-28-100-025-0000,"207,306",2022,SA/E,True,NIL
01-25-28-100-027-0000,"7,159",2022,SA/E,True,NIL
01-25-28-100-028-0000,"281,575",2022,SA/E,True,NIL
01-25-28-100-029-0000,"252,130",2022,SA/E,True,NIL
01-25-28-101-001-0000,"531,983",2022,SA/E,True,NIL
01-25-28-101-002-0000,"252,742",2022,SA/E,True,NIL
01-25-28-101-003-0000,"329,961",2022,SA/E,True,NIL
01-25-28-101-004-0000,"315,545",2022,SA/E,True,NIL
01-25-28-101-005-0000,"373,330",2022,SA/E,True,NIL
01-25-28-101-006-0000,"69,850",2022,SA/E,True,NIL
01-25-28-101-007-0000,"326,358",2022,SA/E,True,NIL
01-25-28-101-008-0000,"345,899",2022,SA/E,True,NIL
01-25-28-101-009-0000,"346,922",2022,SA/E,True,NIL
01-25-28-101-010-0000,"242,145",2022,SA/E,True,NIL
01-25-28-101-011-0000,"360,351",2022,SA/E,True,NIL
01-25-28-101-012-0000,"334,776",2022,SA/E,True,NIL
01-25-28-200-002-0000,0,2022,SA/E,True,NIL
01-25-28-200-004-0000,"172,520",2022,SA/E,True,NIL
01-25-28-200-005-0000,"78,329",2022,SA/E,True,NIL
01-25-28-300-004-0000,"71,428",2022,SA/E,True,NIL
01-25-28-300-006-0000,"361,806",2022,SA/E,True,NIL
01-25-28-300-007-0000,"360,402",2022,SA/E,True,NIL
01-25-28-300-008-0000,"71,428",2022,SA/E,True,NIL
01-25-28-300-009-0000,"327,936",2022,SA/E,True,NIL
01-25-28-300-010-0000,"316,535",2022,SA/E,True,NIL
01-25-28-300-011-0000,"354,953",2022,SA/E,True,NIL
01-25-28-300-012-0000,"340,759",2022,SA/E,True,NIL
01-25-28-300-013-0000,"85,875",2022,SA/E,True,NIL
01-25-28-300-014-0000,"203,318",2022,SA/E,True,NIL
01-25-28-300-015-0000,"67,732",2022,SA/E,True,NIL
01-25-28-300-016-0000,"337,501",2022,SA/E,True,NIL
01-25-28-300-018-0000,"242,334",2022,SA/E,True,NIL
01-25-28-300-019-0000,"343,798",2022,SA/E,True,NIL
01-25-28-300-020-0000,"67,732",2022,SA/E,True,NIL
01-25-28-300-022-0000,"337,945",2022,SA/E,True,NIL
01-25-28-300-024-0000,"61,605",2022,SA/E,True,NIL
01-25-28-300-025-0000,"343,297",2022,SA/E,True,NIL
01-25-28-300-026-0000,"353,474",2022,SA/E,True,NIL
01-25-28-300-027-0000,"288,959",2022,SA/E,True,NIL
01-25-28-400-006-0000,"170,042",2022,SA/E,True,NIL
01-25-28-400-007-0000,"45,311",2022,SA/E,True,NIL
01-25-28-400-009-0000,"174,464",2022,SA/E,True,NIL
01-25-28-400-010-0000,"18,986",2022,SA/E,True,NIL
01-25-28-400-011-0000,"27,228",2022,SA/E,True,NIL
01-25-29-100-003-0000,"152,781",2022,SA/E,True,NIL
01-25-29-100-005-0000,"151,839",2022,SA/E,True,NIL
01-25-29-100-006-0000,"104,857",2022,SA/E,True,NIL
01-25-29-100-007-0000,NIL,NIL,NIL,False,Inactive Parcel
01-25-29-100-008-0000,NIL,NIL,NIL,False,Inactive Parcel
01-25-29-200-001-0000,"340,582",2022,SA/E,True,NIL
01-25-29-200-002-0000,"46,892",2022,SA/E,True,NIL
01-25-29-200-003-0000,"1,722",2022,SA/E,True,NIL
01-25-29-300-005-0000,NIL,NIL,NIL,False,Inactive Parcel
01-25-29-400-003-0000,"145,878",2022,SA/E,True,NIL
01-25-29-400-004-0000,"311,350",2022,SA/E,True,NIL
01-25-29-400-005-0000,"269,958",2022,SA/E,True,NIL
01-25-30-100-004-0000,"362,055",2022,SA/E,True,NIL
01-25-30-100-005-0000,"105,383",2022,SA/E,True,NIL
01-25-30-100-006-0000,"82,439",2022,SA/E,True,NIL
01-25-30-100-007-0000,"170,126",2022,SA/E,True,NIL
01-25-30-200-004-0000,"35,365",2022,SA/E,True,NIL
01-25-30-200-007-0000,"46,079",2022,SA/E,True,NIL
01-25-30-200-009-0000,"129,070",2022,SA/E,True,NIL
01-25-30-200-014-0000,"207,219",2022,SA/E,True,NIL
01-25-30-200-015-0000,"213,735",2022,SA/E,True,NIL
01-25-30-200-016-0000,"556,754",2022,SA/E,True,NIL
01-25-30-200-017-0000,"8,596",2022,SA/E,True,NIL
01-25-30-200-018-0000,"9,505",2022,SA/E,True,NIL
01-25-30-200-019-0000,"9,229",2022,SA/E,True,NIL
01-25-30-200-020-0000,"300,324",2022,SA/E,True,NIL
01-25-30-300-002-0000,"93,156",2022,SA/E,True,NIL
01-25-30-300-003-0000,"240,171",2022,SA/E,True,NIL
01-25-30-300-004-0000,"9,151",2022,SA/E,True,NIL
01-25-30-400-002-0000,"211,875",2022,SA/E,True,NIL
01-25-30-400-007-0000,"348,851",2022,SA/E,True,NIL
01-25-30-400-008-0000,"76,883",2022,SA/E,True,NIL
01-25-30-400-010-0000,"10,270",2022,SA/E,True,NIL
01-25-30-400-011-0000,"55,269",2022,SA/E,True,NIL
01-25-30-400-012-0000,"46,826",2022,SA/E,True,NIL
01-25-30-400-013-0000,"7,453",2022,SA/E,True,NIL
01-25-30-400-014-0000,"8,338",2022,SA/E,True,NIL
01-25-31-100-002-0000,"81,962",2022,SA/E,True,NIL
01-25-31-100-003-0000,"7,405",2022,SA/E,True,NIL
01-25-31-100-004-0000,"7,381",2022,SA/E,True,NIL
01-25-31-100-005-0000,"8,662",2022,SA/E,True,NIL
01-25-31-100-006-0000,"287,969",2022,SA/E,True,NIL
01-25-31-100-007-0000,"380,450",2022,SA/E,True,NIL
01-25-31-100-008-0000,"1,452",2022,SA/E,True,NIL
01-25-31-100-009-0000,"202,613",2022,SA/E,True,NIL
01-25-31-100-010-0000,"8,677",2022,SA/E,True,NIL
01-25-31-100-011-0000,"261,542",2022,SA/E,True,NIL
01-25-31-200-001-0000,"32,073",2022,SA/E,True,NIL
01-25-31-200-002-0000,"32,442",2022,SA/E,True,NIL
01-25-31-200-003-0000,"32,712",2022,SA/E,True,NIL
01-25-31-200-005-0000,"8,800",2022,SA/E,True,NIL
01-25-31-200-006-0000,"8,176",2022,SA/E,True,NIL
01-25-31-200-007-0000,"6,883",2022,SA/E,True,NIL
01-25-31-200-008-0000,"8,596",2022,SA/E,True,NIL
01-25-31-300-001-0000,"138,794",2022,SA/E,True,NIL
01-25-31-400-004-0000,"187,756",2022,SA/E,True,NIL
01-25-31-400-005-0000,"158,080",2022,SA/E,True,NIL
01-25-31-400-006-0000,"8,995",2022,SA/E,True,NIL
01-25-31-400-007-0000,"9,259",2022,SA/E,True,NIL
01-25-31-400-008-0000,"9,607",2022,SA/E,True,NIL
01-25-31-400-009-0000,"9,709",2022,SA/E,True,NIL
01-25-31-400-010-0000,"8,572",2022,SA/E,True,NIL
01-25-31-400-011-0000,"8,488",2022,SA/E,True,NIL
01-25-31-400-012-0000,"8,392",2022,SA/E,True,NIL
01-25-31-400-013-0000,"9,394",2022,SA/E,True,NIL
01-25-32-100-002-0000,"40,054",2022,SA/E,True,NIL
01-25-32-100-005-0000,"125,401",2022,SA/E,True,NIL
01-25-32-100-007-0000,"36,064",2022,SA/E,True,NIL
01-25-32-100-008-0000,"278,557",2022,SA/E,True,NIL
01-25-32-100-009-0000,"326,067",2022,SA/E,True,NIL
01-25-32-100-010-0000,"303,114",2022,SA/E,True,NIL
01-25-32-100-011-0000,"285,743",2022,SA/E,True,NIL
01-25-32-100-012-0000,"267,219",2022,SA/E,True,NIL
01-25-32-100-013-0000,"265,278",2022,SA/E,True,NIL
01-25-32-100-014-0000,"273,777",2022,SA/E,True,NIL
01-25-32-100-015-0000,"9,349",2022,SA/E,True,NIL
01-25-32-100-016-0000,"8,233",2022,SA/E,True,NIL
01-25-32-100-017-0000,"9,532",2022,SA/E,True,NIL
01-25-32-200-001-0000,"54,176",2022,SA/E,True,NIL
01-25-32-200-003-0000,"6,523",2022,SA/E,True,NIL
01-25-32-200-004-0000,"8,392",2022,SA/E,True,NIL
01-25-32-200-005-0000,"9,208",2022,SA/E,True,NIL
01-25-32-200-006-0000,"9,274",2022,SA/E,True,NIL
01-25-32-200-007-0000,"9,046",2022,SA/E,True,NIL
01-25-32-200-008-0000,"6,499",2022,SA/E,True,NIL
01-25-32-200-009-0000,"5,116",2022,SA/E,True,NIL
01-25-32-200-010-0000,"6,271",2022,SA/E,True,NIL
01-25-32-300-004-0000,"10,330",2022,SA/E,True,NIL
01-25-32-300-005-0000,"8,794",2022,SA/E,True,NIL
01-25-32-300-006-0000,"7,612",2022,SA/E,True,NIL
01-25-32-300-007-0000,"7,216",2022,SA/E,True,NIL
01-25-32-300-008-0000,"6,835",2022,SA/E,True,NIL
01-25-32-300-009-0000,"6,634",2022,SA/E,True,NIL
01-25-32-300-010-0000,"34,449",2022,SA/E,True,NIL
01-25-32-300-011-0000,"7,441",2022,SA/E,True,NIL
01-25-32-300-015-0000,"8,479",2022,SA/E,True,NIL
01-25-32-300-016-0000,"7,687",2022,SA/E,True,NIL
01-25-32-300-017-0000,"6,175",2022,SA/E,True,NIL
01-25-32-300-018-0000,"7,510",2022,SA/E,True,NIL
01-25-32-300-019-0000,"7,840",2022,SA/E,True,NIL
01-25-32-300-020-0000,"6,568",2022,SA/E,True,NIL
01-25-32-300-021-0000,"165,287",2022,SA/E,True,NIL
01-25-32-300-022-0000,"21,275",2022,SA/E,True,NIL
01-25-32-400-006-0000,"159,376",2022,SA/E,True,NIL
01-25-32-400-007-0000,"7,396",2022,SA/E,True,NIL
01-25-32-400-008-0000,"8,032",2022,SA/E,True,NIL
01-25-32-400-009-0000,"8,455",2022,SA/E,True,NIL
01-25-32-400-010-0000,"8,983",2022,SA/E,True,NIL
01-25-32-400-011-0000,"32,928",2022,SA/E,True,NIL
01-25-32-400-013-0000,"22,346",2022,SA/E,True,NIL
01-25-32-400-014-0000,"141,539",2022,SA/E,True,NIL
01-25-32-400-016-0000,NIL,NIL,NIL,False,Inactive Parcel
01-25-32-400-017-0000,NIL,NIL,NIL,False,Inactive Parcel
01-25-33-100-007-0000,"372,109",2022,SA/E,True,NIL
01-25-33-100-008-0000,"389,703",2022,SA/E,True,NIL
01-25-33-100-009-0000,"69,877",2022,SA/E,True,NIL
01-25-33-100-010-0000,"387,156",2022,SA/E,True,NIL
01-25-33-100-011-0000,"69,877",2022,SA/E,True,NIL
01-25-33-100-012-0000,"371,629",2022,SA/E,True,NIL
01-25-33-100-013-0000,"225,155",2022,SA/E,True,NIL
01-25-33-100-014-0000,"295,866",2022,SA/E,True,NIL
01-25-33-100-015-0000,"23,267",2022,SA/E,True,NIL
01-25-33-100-016-0000,"306,913",2022,SA/E,True,NIL
01-25-33-100-017-0000,"71,428",2022,SA/E,True,NIL
01-25-33-100-018-0000,"23,267",2022,SA/E,True,NIL
01-25-33-100-019-0000,"292,997",2022,SA/E,True,NIL
01-25-33-100-020-0000,"67,261",2022,SA/E,True,NIL
01-25-33-100-021-0000,"215,185",2022,SA/E,True,NIL
01-25-33-100-022-0000,"374,338",2022,SA/E,True,NIL
01-25-33-100-023-0000,"193,534",2022,SA/E,True,NIL
01-25-33-100-030-0000,"389,685",2022,SA/E,True,NIL
01-25-33-100-033-0000,"241,956",2022,SA/E,True,NIL
01-25-33-100-035-0000,"325,998",2022,SA/E,True,NIL
01-25-33-100-036-0000,"4,980",2022,SA/E,True,NIL
01-25-33-100-037-0000,"1,974",2022,SA/E,True,NIL
01-25-33-100-038-0000,"9,694",2022,SA/E,True,NIL
01-25-33-100-039-0000,"1,554",2022,SA/E,True,NIL
01-25-33-100-040-0000,"238,551",2022,SA/E,True,NIL
01-25-33-100-041-0000,"181,188",2022,SA/E,True,NIL
01-25-33-100-042-0000,"165,713",2022,SA/E,True,NIL
01-25-33-100-043-0000,"430,537",2022,SA/E,True,NIL
01-25-33-100-044-0000,"350,645",2022,SA/E,True,NIL
01-25-33-100-045-0000,"10,297",2022,SA/E,True,NIL
01-25-33-200-002-0000,"9,511",2022,SA/E,True,NIL
01-25-33-200-005-0000,"142,067",2022,SA/E,True,NIL
01-25-33-200-010-0000,"12,118",2022,SA/E,True,NIL
01-25-33-200-011-0000,"286,772",2022,SA/E,True,NIL
01-25-33-200-012-0000,"393,855",2022,SA/E,True,NIL
01-25-33-200-014-0000,"5,347",2022,SA/E,True,NIL
01-25-33-200-015-0000,"333,474",2022,SA/E,True,NIL
01-25-33-200-016-0000,"190,645",2022,SA/E,True,NIL
01-25-33-300-002-0000,"206,592",2022,SA/E,True,NIL
01-25-33-300-003-0000,"120,615",2022,SA/E,True,NIL
01-25-33-300-005-0000,"44,656",2022,SA/E,True,NIL
01-25-33-300-006-0000,"328,377",2022,SA/E,True,NIL
01-25-33-300-007-0000,"207,528",2022,SA/E,True,NIL
01-25-33-300-008-0000,"94,557",2022,SA/E,True,NIL
01-25-33-300-009-0000,"120,663",2022,SA/E,True,NIL
01-25-33-300-010-0000,"237,672",2022,SA/E,True,NIL
01-25-33-300-011-0000,0,2022,SA/E,True,NIL
01-25-33-300-012-0000,0,2022,SA/E,True,NIL
01-25-33-300-013-0000,"10,486",2022,SA/E,True,NIL
01-25-33-300-014-0000,"212,487",2022,SA/E,True,NIL
01-25-33-300-015-0000,"10,486",2022,SA/E,True,NIL
01-25-33-300-020-0000,"188,566",2022,SA/E,True,NIL
01-25-33-300-021-0000,"40,489",2022,SA/E,True,NIL
01-25-33-300-022-0000,"44,656",2022,SA/E,True,NIL
01-25-33-300-023-0000,"177,102",2022,SA/E,True,NIL
01-25-33-400-002-0000,"133,492",2022,SA/E,True,NIL
01-25-33-400-011-0000,"1,047",2022,SA/E,True,NIL
01-25-33-400-013-0000,"194,617",2022,SA/E,True,NIL
01-25-33-400-015-0000,471,2022,SA/E,True,NIL
01-25-33-400-016-0000,"148,176",2022,SA/E,True,NIL
01-25-33-400-017-0000,"268,413",2022,SA/E,True,NIL
01-25-33-400-022-0000,"1,773",2022,SA/E,True,NIL
01-25-33-400-027-0000,"267,843",2022,SA/E,True,NIL
01-25-34-100-001-0000,"45,173",2022,SA/E,True,NIL
01-25-34-200-002-0000,363,2022,SA/E,True,NIL
01-25-34-200-003-0000,"284,491",2022,SA/E,True,NIL
01-25-34-300-003-0000,"184,917",2022,SA/E,True,NIL
01-25-34-300-004-0000,"123,993",2022,SA/E,True,NIL
01-25-34-300-007-0000,"255,494",2022,SA/E,True,NIL
01-25-34-300-008-0000,"44,698",2022,SA/E,True,NIL
01-25-34-300-009-0000,"334,884",2022,SA/E,True,NIL
01-25-34-300-011-0000,"516,034",2022,SA/E,True,NIL
01-25-34-300-013-0000,"7,861",2022,SA/E,True,NIL
01-25-34-300-014-0000,"42,337",2022,SA/E,True,NIL
01-25-34-300-015-0000,"223,063",2022,SA/E,True,NIL
01-25-34-300-016-0000,"1,938",2022,SA/E,True,NIL
01-25-34-400-004-0000,"55,368",2022,SA/E,True,NIL
01-25-34-400-005-0000,"304,569",2022,SA/E,True,NIL
01-25-34-400-007-0000,"297,057",2022,SA/E,True,NIL
01-25-34-400-008-0000,"310,429",2022,SA/E,True,NIL
01-25-34-400-009-0000,"48,665",2022,SA/E,True,NIL
01-25-34-400-010-0000,"259,673",2022,SA/E,True,NIL
01-25-34-400-011-0000,"216,259",2022,SA/E,True,NIL
01-25-34-400-013-0000,"331,839",2022,SA/E,True,NIL
01-25-34-400-014-0000,"1,671",2022,SA/E,True,NIL
01-25-34-400-015-0000,"264,938",2022,SA/E,True,NIL
01-25-34-400-016-0000,"339,757",2022,SA/E,True,NIL
01-25-34-400-017-0000,"247,990",2022,SA/E,True,NIL
01-25-34-400-018-0000,"282,061",2022,SA/E,True,NIL
01-25-34-400-019-0000,"10,693",2022,SA/E,True,NIL
01-25-34-400-020-0000,"25,818",2022,SA/E,True,NIL
01-25-35-100-003-0000,"243,849",2022,SA/E,True,NIL
01-25-35-200-001-0000,"48,143",2022,SA/E,True,NIL
01-25-35-200-003-0000,"9,532",2022,SA/E,True,NIL
01-25-35-300-001-0000,"62,901",2022,SA/E,True,NIL
01-25-35-300-002-0000,"46,865",2022,SA/E,True,NIL
01-25-35-300-003-0000,"51,662",2022,SA/E,True,NIL
01-25-35-400-006-0000,"175,359",2022,SA/E,True,NIL
01-25-35-400-007-0000,"187,378",2022,SA/E,True,NIL
01-25-35-400-008-0000,"385,347",2022,SA/E,True,NIL
01-25-35-400-010-0000,"360,378",2022,SA/E,True,NIL
01-25-35-400-011-0000,"249,328",2022,SA/E,True,NIL
01-25-35-400-012-0000,"420,180",2022,SA/E,True,NIL
01-25-35-400-013-0000,"94,995",2022,SA/E,True,NIL
01-25-35-400-014-0000,"82,199",2022,SA/E,True,NIL
01-25-35-400-015-0000,0,2022,SA/E,True,NIL
01-25-35-400-016-0000,"487,723",2022,SA/E,True,NIL
01-25-35-400-017-0000,"299,217",2022,SA/E,True,NIL
01-25-36-300-002-0000,"26,889",2022,SA/E,True,NIL
01-25-36-300-003-0000,0,2022,SA/E,True,NIL
02-24-04-101-001-0000,3,2022,SA/E,True,NIL
02-24-04-101-002-0000,"92,754",2022,SA/E,True,NIL
02-24-04-101-003-0000,"26,202",2022,SA/E,True,NIL
02-24-04-101-004-0000,"36,685",2022,SA/E,True,NIL
02-24-04-101-005-0000,"36,685",2022,SA/E,True,NIL
02-24-04-101-006-0000,"36,685",2022,SA/E,True,NIL
02-24-04-101-007-0000,"44,944",2022,SA/E,True,NIL
02-24-04-101-008-0000,"36,685",2022,SA/E,True,NIL
02-24-04-101-009-0000,"26,202",2022,SA/E,True,NIL
02-24-04-101-010-0000,"36,703",2022,SA/E,True,NIL
02-24-04-101-011-0000,"36,685",2022,SA/E,True,NIL
02-24-04-101-012-0000,"32,739",2022,SA/E,True,NIL
02-24-04-101-013-0000,"85,716",2022,SA/E,True,NIL
02-24-04-101-014-0000,"67,474",2022,SA/E,True,NIL
02-24-04-101-015-0000,"39,301",2022,SA/E,True,NIL
02-24-04-101-016-0000,"47,114",2022,SA/E,True,NIL
02-24-04-101-017-0000,"49,784",2022,SA/E,True,NIL
02-24-04-101-018-0000,"26,202",2022,SA/E,True,NIL
02-24-04-101-019-0000,"26,202",2022,SA/E,True,NIL
02-24-04-101-020-0000,"31,443",2022,SA/E,True,NIL
02-24-04-101-021-0000,"36,685",2022,SA/E,True,NIL
02-24-04-101-022-0000,"36,685",2022,SA/E,True,NIL
02-24-04-101-023-0000,"26,202",2022,SA/E,True,NIL
02-24-04-101-024-0000,"42,820",2022,SA/E,True,NIL
02-24-04-101-025-0000,"51,026",2022,SA/E,True,NIL
02-24-04-101-026-0000,"54,359",2022,SA/E,True,NIL
02-24-04-101-027-0000,"31,443",2022,SA/E,True,NIL
02-24-04-101-028-0000,"56,613",2022,SA/E,True,NIL
02-24-04-101-029-0000,"37,936",2022,SA/E,True,NIL
02-24-04-101-030-0000,"43,177",2022,SA/E,True,NIL
02-24-04-101-031-0000,"64,605",2022,SA/E,True,NIL
02-24-04-101-032-0000,"41,293",2022,SA/E,True,NIL
02-24-04-101-033-0000,"32,898",2022,SA/E,True,NIL
02-24-04-101-034-0000,"27,588",2022,SA/E,True,NIL
02-24-04-101-035-0000,"26,202",2022,SA/E,True,NIL
02-24-04-101-036-0000,"27,648",2022,SA/E,True,NIL
02-24-04-101-037-0000,"32,802",2022,SA/E,True,NIL
02-24-04-101-038-0000,"28,365",2022,SA/E,True,NIL
02-24-04-101-039-0000,"27,438",2022,SA/E,True,NIL
02-24-04-101-040-0000,"33,921",2022,SA/E,True,NIL
02-24-04-101-041-0000,"44,560",2022,SA/E,True,NIL
02-24-04-101-042-0000,"44,905",2022,SA/E,True,NIL
02-24-04-101-043-0000,"26,202",2022,SA/E,True,NIL
02-24-04-101-044-0000,"26,202",2022,SA/E,True,NIL
02-24-04-101-045-0000,"32,898",2022,SA/E,True,NIL
02-24-04-101-046-0000,"27,438",2022,SA/E,True,NIL
02-24-04-101-047-0000,"27,438",2022,SA/E,True,NIL
02-24-04-101-048-0000,"32,898",2022,SA/E,True,NIL
02-24-04-101-049-0000,"109,565",2022,SA/E,True,NIL
02-24-04-101-050-0000,"48,518",2022,SA/E,True,NIL
02-24-04-101-051-0000,"31,443",2022,SA/E,True,NIL
02-24-04-101-052-0000,"35,335",2022,SA/E,True,NIL
02-24-04-101-053-0000,"34,065",2022,SA/E,True,NIL
02-24-04-101-054-0000,"119,061",2022,SA/E,True,NIL
02-24-04-101-055-0000,"37,732",2022,SA/E,True,NIL
02-24-04-101-057-0000,"250,864",2022,SA/E,True,NIL
02-24-04-101-058-0000,"366,427",2022,SA/E,True,NIL
02-24-04-101-059-0000,"339,316",2022,SA/E,True,NIL
02-24-04-101-060-0000,"363,564",2022,SA/E,True,NIL
02-24-04-101-061-0000,"289,286",2022,SA/E,True,NIL
02-24-04-101-062-0000,"404,788",2022,SA/E,True,NIL
02-24-04-101-063-0000,"325,011",2022,SA/E,True,NIL
02-24-04-101-064-0000,"320,951",2022,SA/E,True,NIL
02-24-04-101-065-0000,"36,688",2022,SA/E,True,NIL
02-24-04-101-066-0000,"282,346",2022,SA/E,True,NIL
02-24-04-101-067-0000,"311,368",2022,SA/E,True,NIL
02-24-04-101-068-0000,"340,555",2022,SA/E,True,NIL
02-24-04-101-069-0000,"253,258",2022,SA/E,True,NIL
02-24-04-101-070-0000,"36,688",2022,SA/E,True,NIL
02-24-04-101-071-0000,"303,813",2022,SA/E,True,NIL
02-24-04-101-072-0000,"282,145",2022,SA/E,True,NIL
02-24-04-101-073-0000,"193,207",2022,SA/E,True,NIL
02-24-04-101-074-0000,3,2022,SA/E,True,NIL
02-24-04-101-075-0000,3,2022,SA/E,True,NIL
02-24-04-102-001-0000,3,2022,SA/E,True,NIL
02-24-04-102-002-0000,"82,751",2022,SA/E,True,NIL
02-24-04-102-003-0000,"107,867",2022,SA/E,True,NIL
02-24-04-102-004-0000,"49,781",2022,SA/E,True,NIL
02-24-04-102-005-0000,"49,781",2022,SA/E,True,NIL
02-24-04-102-006-0000,"58,533",2022,SA/E,True,NIL
02-24-04-102-007-0000,"103,060",2022,SA/E,True,NIL
02-24-04-102-008-0000,"52,469",2022,SA/E,True,NIL
02-24-04-102-009-0000,"49,781",2022,SA/E,True,NIL
02-24-04-102-010-0000,"36,688",2022,SA/E,True,NIL
02-24-04-102-011-0000,"41,425",2022,SA/E,True,NIL
02-24-04-102-012-0000,"54,725",2022,SA/E,True,NIL
02-24-04-102-013-0000,"47,165",2022,SA/E,True,NIL
02-24-04-102-014-0000,"47,165",2022,SA/E,True,NIL
02-24-04-102-015-0000,"91,425",2022,SA/E,True,NIL
02-24-04-102-016-0000,"59,136",2022,SA/E,True,NIL
02-24-04-102-017-0000,"162,715",2022,SA/E,True,NIL
02-24-04-102-018-0000,"36,688",2022,SA/E,True,NIL
02-24-04-102-019-0000,"36,688",2022,SA/E,True,NIL
02-24-04-102-020-0000,"122,712",2022,SA/E,True,NIL
02-24-04-102-021-0000,"57,414",2022,SA/E,True,NIL
02-24-04-102-022-0000,"47,165",2022,SA/E,True,NIL
02-24-04-102-023-0000,"79,553",2022,SA/E,True,NIL
